1,<S>,belongs
2,<S>,correct
3,<S>,eva
4,<S>,ig
5,<S>,membrane
6,<S>,plz
7,<S>,scheduled
8,<S>,tical
9,Accused,of
10,Although,he
11,Article,by
12,Best,score
13,By,connecting
14,Christ,in
15,Congregation,of
16,Date,placed
17,Dora,the
18,Events,calendar
19,Flow,and
20,Geometry,and
21,He,managed
22,If,each
23,Invite,a
24,Key,and
25,Logo,and
26,Merchant,info
27,Nearby,cities
28,Office,for
29,Packages,and
30,Please,also
31,Promoting,the
32,Rent,a
33,Schedules,and
34,Shipping,at
35,Specifications,is
36,Systems,is
37,The,danger
38,The,page
39,Theory,of
40,This,summer
41,Trapped,in
42,Viewing,the
43,When,asked
44,You,want
45,a,constitutional
46,a,gifted
47,a,negotiated
48,a,reward
49,a,threaded
50,above,a
51,across,their
52,adjustment,or
53,aftermarket,parts
54,all,communications
55,almost,had
56,alternative,formats
57,an,apprentice
58,anal,sex
59,and,boost
60,and,damaging
61,and,fall
62,and,insects
63,and,neglected
64,and,qualitative
65,and,sketches
66,and,twisted
67,another,one
68,anyone,in
69,are,achieved
70,are,nice
71,armed,robbery
72,as,measured
73,assistant,coach
74,auction,sites
75,background,checks
76,be,able
77,be,mandatory
78,beats,the
79,been,sitting
80,below,if
81,big,thanks
82,board,meeting
83,boundary,of
84,budget,will
85,but,see
86,by,mass
87,came,near
88,cap,to
89,casino,poker
90,challenging,and
91,child,relationship
92,clear,he
93,collaborations,with
94,committees,on
95,completely,to
96,configuring,the
97,contained,a
98,cooperation,is
99,counting,and
100,crime,or
101,customers,should
102,day,weekend
103,define,its
104,design,options
105,diamond,solitaire
106,directly,onto
107,distributed,computing
108,done,his
109,drops,out
110,ease,the
111,ejaculation,video
112,enabled,for
113,entire,network
114,euros,per
115,examine,this
116,experiments,to
117,factory,outlet
118,feasibility,studies
119,figure,of
120,finish,it
121,flashing,spy
122,fool,the
123,for,feature
124,for,prisoners
125,foreach,my
126,free,blonde
127,from,fresh
128,fully,fitted
129,garage,sale
130,get,the
131,goal,was
132,grain,of
133,growth,factors
134,hand,or
135,has,retired
136,have,things
137,heaps,of
138,her,old
139,hired,for
140,history,which
141,hot,free
142,i,almost
143,impact,or
144,in,coordinating
145,in,native
146,in,urine
147,indexes,of
148,injunction,to
149,interest,from
150,investment,or
151,is,four
152,is,somehow
153,it,means
154,its,plans
155,just,curious
156,kitchen,appliances
157,largest,human
158,learner,will
159,lessons,learnt
160,liking,the
161,live,within
162,long,tail
163,m,wide
164,maker,of
165,maps,were
166,may,deny
167,medical,reasons
168,method,may
169,misrepresentation,of
170,moon,was
171,most,natural
172,multitude,of
173,my,office
174,nearer,the
175,new,faculty
176,night,vision
177,northern,hemisphere
178,not,part
179,now,no
180,of,accidents
181,of,competitors
182,of,fate
183,of,level
184,of,posts
185,of,stairs
186,off,them
187,on,around
188,on,solid
189,online,degrees
190,operator,to
191,or,evaluated
192,or,radio
193,ordinary,income
194,other,primary
195,our,outstanding
196,overtime,and
197,pantyhose,sex
198,past,events
199,people,together
200,personality,that
201,pills,at
202,please,inquire
203,population,with
204,power,line
205,pretty,neat
206,probably,has
207,profile,data
208,prosecution,for
209,public,sphere
210,queries,and
211,rate,their
212,reason,with
213,red,cell
214,relations,between
215,reply,that
216,residents,have
217,reverse,this
218,room,poker
219,sales,have
220,scene,to
221,second,section
222,self,confidence
223,services,available
224,sexy,lesbians
225,shirt,on
226,side,were
227,site,possible
228,snack,bar
229,some,attention
230,soup,and
231,spend,his
232,start,up
233,still,running
234,stroke,or
235,succeeded,in
236,support,via
237,tables,for
238,teaching,career
239,tensions,in
240,that,belonged
241,that,p
242,the,allowable
243,the,career
244,the,darkness
245,the,extremely
246,the,homework
247,the,macros
248,the,par
249,the,realms
250,the,smoke
251,the,treacherous
252,their,competition
253,theirs,and
254,these,fields
255,things,may
256,this,manual
257,those,used
258,time,consuming
259,to,brown
260,to,figure
261,to,overlap
262,to,storage
263,tool,on
264,train,in
265,tried,hard
266,two,tickets
267,unsolicited,e
268,use,are
269,values,such
270,viagra,alternative
271,voluntary,or
272,was,dark
273,was,younger
274,we,try
275,were,between
276,when,applied
277,whichever,comes
278,why,such
279,window,should
280,with,improved
281,within,his
282,working,now
283,written,notification
284,you,forget
285,your,county
286,your,taxes
287,Ã¼ber,die
