auction,to,943162
auction,will,230234
auction,winners,166201
auction,wins,134883
auction,with,111060
auction,you,109226
auctioned,off,104412
auctions,and,432311
auctions,are,181469
auctions,at,226987
auctions,end,141557
auctions,for,481288
auctions,in,225767
auctions,of,112494
auctions,on,138896
auctions,or,172307
auctions,that,138200
auctions,to,210081
audacity,to,115552
audience,and,705960
audience,as,146413
audience,at,193751
audience,for,409620
audience,in,378791
audience,is,543423
audience,member,108079
audience,members,247010
audience,of,831189
audience,on,118891
audience,participation,127791
audience,that,367886
audience,to,586662
audience,was,231586
audience,will,200729
audience,with,351041
audiences,and,249219
audiences,for,107627
audiences,in,175474
audiences,of,122402
audiences,to,141064
audiences,with,139576
audio,and,2555817
audio,book,212594
audio,books,328448
audio,cable,137309
audio,cassette,170747
audio,cd,192044
audio,clip,164152
audio,clips,335680
audio,commentary,199797
audio,converter,117509
audio,data,168563
audio,device,177189
audio,devices,111524
audio,discontinuity,266962
audio,equipment,232982
audio,file,450029
audio,files,829781
audio,for,123644
audio,format,200510
audio,formats,245165
audio,from,332395
audio,help,365473
audio,in,182317
audio,input,162192
audio,is,210706
audio,of,111457
audio,on,191780
audio,or,279414
audio,output,261835
audio,player,305619
audio,players,136184
audio,products,179279
audio,quality,280922
audio,recording,275072
audio,recordings,113304
audio,sample,139421
audio,samples,172825
audio,signal,167229
audio,software,174762
audio,stream,104213
audio,streams,215970
audio,system,425307
audio,systems,161658
audio,tape,229505
audio,tapes,173266
audio,to,285890
audio,track,245571
audio,tracks,240570
audio,video,285996
audio,visual,227083
audio,with,130225
audioslave,animals,106703
audioslave,audioslave,123550
audioslave,evanescence,114205
audioslave,godsmack,122541
audioslave,mudvayne,122161
audioslave,pink,126749
audioslave,staind,122996
audit,and,539242
audit,by,105116
audit,committee,326506
audit,in,129273
audit,is,166847
audit,of,786877
audit,or,120157
audit,process,106544
audit,report,298521
audit,reports,166456
audit,services,124596
audit,team,118090
audit,the,184622
audit,to,156325
audit,trail,303586
audit,trails,101401
audit,was,128373
audited,by,215383
audited,financial,219713
audited,local,196429
audited,the,105523
auditing,and,214345
auditing,standards,163377
audition,for,144648
auditors,and,172126
auditors,to,104628
audits,and,248657
audits,of,283891
auf,dem,257313
auf,den,175399
auf,der,266695
auf,die,253408
augment,the,291518
augmentation,breast,102509
augmentation,of,111871
augmented,by,301184
augmented,with,153894
august,september,124093
aunt,and,196240
aunt,judy,131827
aunts,and,102883
aura,of,246401
aus,dem,467941
aus,der,234835
auspices,of,859534
austin,baltimore,118012
austin,texas,158176
australia,sydney,104909
austria,barcelona,118268
authentic,and,238185
authenticate,the,176375
authenticate,with,180065
authenticated,by,144542
authenticated,or,119458
authentication,and,612585
authentication,for,200384
authentication,is,265099
authentication,method,117881
authentication,of,159603
authentication,solution,211638
authentication,to,107534
authenticity,and,188568
authenticity,of,555344
author,a,110962
author,also,100660
author,and,2019655
author,at,131468
author,can,112409
author,directly,426581
author,does,146166
author,for,170481
author,has,721988
author,homepages,123650
author,in,253078
author,index,118157
author,is,880078
author,name,122301
author,of,8240913
author,on,214028
author,or,542285
author,to,822808
author,was,260238
author,who,600395
author,will,110004
author,with,142924
author,would,123727
authored,a,136068
authored,by,568214
authored,the,153190
authored,with,152308
authoring,and,113059
authoring,software,104092
authoring,tool,193972
authoring,tools,165158
authorisation,of,102544
authorise,the,153810
authorised,and,305037
authorised,by,532913
authorised,officer,140632
authorised,person,128665
authorised,to,505606
authoritative,and,114402
authoritative,form,133419
authoritative,source,105312
authorities,and,1339739
authorities,are,590252
authorities,as,170369
authorities,at,106464
authorities,before,182410
authorities,can,110890
authorities,for,318047
authorities,had,150081
authorities,have,690938
authorities,in,1171329
authorities,may,135892
authorities,of,610586
authorities,on,292076
authorities,or,166852
authorities,said,237143
authorities,say,111354
authorities,should,213958
authorities,that,218623
authorities,to,1319100
authorities,were,198503
authorities,will,223911
authorities,with,127506
authority,and,1459908
authority,as,263137
authority,by,170890
authority,for,1186342
authority,from,220644
authority,granted,129565
authority,has,249919
authority,in,1098060
authority,is,645376
authority,may,340391
authority,must,135895
authority,of,3210637
authority,on,735512
authority,or,693217
authority,over,647945
authority,shall,359207
authority,should,103275
authority,that,351780
authority,to,5367310
authority,under,331548
authority,was,135209
authority,which,129001
authority,will,163019
authority,with,158640
authorization,and,246299
authorization,for,444818
authorization,from,390858
authorization,is,212851
authorization,number,105583
authorization,of,592329
authorization,or,102441
authorization,to,570489
authorize,a,206605
authorize,and,101469
authorize,appropriations,174994
authorize,the,1315634
authorized,a,106602
authorized,agent,157728
authorized,and,381991
authorized,by,3382236
authorized,dealer,292321
authorized,financial,143460
authorized,for,407308
authorized,in,409067
authorized,or,170783
authorized,representative,449163
authorized,representatives,125616
authorized,retailer,127266
authorized,the,511105
authorized,to,3587639
authorized,under,446824
authorized,user,106390
authorized,users,342774
authorizes,the,562587
authorizing,the,772865
authors,also,124356
authors,and,1319382
authors,are,526166
authors,by,108295
authors,can,100319
authors,conclude,100339
authors,do,185670
authors,for,116709
authors,have,509147
authors,in,258914
authors,listed,373623
authors,of,1710880
authors,or,173382
authors,to,356087
authors,were,138592
authors,who,410987
authors,will,100590
authors,would,165106
authorship,of,118045
autism,and,152398
autistic,children,118981
auto,accident,360701
auto,and,241933
auto,body,217359
auto,car,102395
auto,dealer,136014
auto,dealers,235253
auto,finance,110468
auto,financing,101552
auto,industry,269730
auto,insurance,2513814
auto,loan,1419151
auto,loans,725364
auto,mode,122107
auto,part,217056
auto,parts,1040299
auto,racing,218206
auto,repair,358162
auto,sales,148198
auto,san,125765
auto,show,180697
auto,to,110310
auto,transport,128197
autobiography,of,105478
autographed,by,118641
autoguide,farmonline,106738
autoimmune,disease,155897
autoimmune,diseases,151376
automate,the,356244
automated,and,200868
automated,data,103952
automated,prescription,104854
automated,system,281235
automated,systems,139150
automates,the,219538
automatic,and,237111
automatic,bids,547045
automatic,email,111419
automatic,reward,122135
automatic,transmission,419245
automatic,weapons,108262
automatically,added,173026
automatically,adjusts,103295
automatically,after,117040
automatically,and,365162
automatically,as,118356
automatically,at,142031
automatically,based,119139
automatically,be,825263
automatically,bids,3746877
automatically,by,435348
automatically,converted,307800
automatically,create,124066
automatically,created,120209
automatically,each,689452
automatically,extended,104241
automatically,for,175856
automatically,from,234402
automatically,generate,146367
automatically,generated,952971
automatically,generates,109414
automatically,if,113624
automatically,in,191929
automatically,next,159925
automatically,on,165595
automatically,or,108902
automatically,receive,258064
automatically,redirect,190746
automatically,redirecting,165856
automatically,send,201644
automatically,sent,137638
automatically,set,124851
automatically,to,382757
automatically,update,104419
automatically,updated,182188
automatically,when,537767
automatically,with,151210
automating,the,160941
automation,and,468234
automation,of,245751
automation,software,106912
automation,system,120549
automation,systems,146926
automobile,accident,150371
automobile,and,136257
automobile,industry,138839
automobile,insurance,276946
automobiles,and,152431
automotive,and,231979
automotive,industry,415434
automotive,parts,116201
automotive,repair,125872
autonomous,citation,183966
autonomous,system,129619
autonomy,and,296920
autonomy,in,148080
autonomy,of,215198
autosomal,dominant,134473
autosomal,recessive,113484
autre,liste,169488
autumn,and,146175
autumn,of,284108
avail,of,157027
avail,themselves,131932
availability,and,2890918
availability,are,852993
availability,at,305167
availability,check,137540
availability,for,836879
availability,from,427768
availability,in,443913
availability,information,178106
availability,is,308765
availability,may,134624
availability,of,7315850
availability,on,247090
availability,or,281074
availability,subject,131708
availability,to,230812
availability,when,163462
availability,with,111806
available,a,248888
available,about,192328
available,accessories,422495
available,across,128346
available,after,293104
available,again,1851508
available,all,183806
available,and,3071839
available,anywhere,383050
available,are,500641
available,as,4092135
available,at,15710056
available,audio,135543
available,bandwidth,134593
available,basis,108006
available,because,110018
available,before,170591
available,below,155677
available,between,207057
available,both,122981
available,but,280607
available,by,2396462
available,countries,126968
available,data,643540
available,directly,129957
available,downloads,136826
available,due,111074
available,during,487158
available,either,101009
available,electronically,202048
available,elsewhere,264521
available,evidence,231292
available,exclusively,250687
available,for,41303396
available,free,717225
available,from,13949528
available,funds,214715
available,hard,102925
available,here,1728106
available,hotels,172197
available,if,594976
available,immediately,228234
available,in,24787740
available,include,164945
available,including,203360
available,information,723304
available,is,458411
available,locally,144064
available,memory,127341
available,now,1224569
available,of,180738
available,on,15186228
available,online,2964803
available,only,1695576
available,options,265514
available,or,584348
available,outside,104736
available,over,233161
available,product,146305
available,products,127696
available,resources,600147
available,right,125476
available,room,136217
available,rooms,104243
available,separately,217617
available,services,123367
available,shortly,107856
available,since,147483
available,so,181510
available,soon,322909
available,space,208577
available,styles,110203
available,technology,135936
available,that,581962
available,the,314325
available,there,109618
available,this,139363
available,through,3377603
available,throughout,368067
available,to,27047630
available,today,766171
available,under,3306532
available,until,384152
available,upon,1082626
available,using,104303
available,via,1264418
available,when,695296
available,which,216318
available,will,112473
available,with,2386292
available,within,753052
available,without,262187
available,worldwide,298757
available,yet,1010037
avalanche,of,132026
avant,garde,113100
avec,des,135693
avec,la,168894
avec,le,233299
avec,les,283576
avec,un,147291
avec,une,103479
avenged,sevenfold,445553
avenue,for,201539
avenue,of,174720
avenue,to,138450
avenues,for,228249
avenues,of,280222
avenues,to,106946
average,a,175342
average,about,129325
average,age,502367
average,amount,160156
average,and,594692
average,annual,809889
average,at,156609
average,by,105734
average,consumer,101410
average,cost,682506
average,daily,490825
average,density,122144
average,earnings,108757
average,family,181262
average,for,880929
average,growth,140209
average,household,212807
average,in,676607
average,income,203078
average,interest,100118
average,is,388700
average,length,222404
average,level,150752
average,life,170335
average,monthly,249949
average,net,101723
average,number,917562
average,of,5817329
average,on,107122
average,or,171300
average,over,206370
average,penis,101416
average,per,163726
average,person,448891
average,power,102574
average,price,564516
average,prices,106879
average,rate,347153
average,rating,364676
average,salary,165711
average,score,227947
average,selling,104691
average,size,275924
average,speed,206304
average,temperature,199353
average,the,121918
average,time,276352
average,to,204567
average,total,128634
average,user,170419
average,value,299599
average,values,132125
average,wage,148417
average,was,133109
average,weekly,156809
average,weight,113078
averaged,over,341351
averages,for,171325
averages,of,224888
averse,to,146773
aversion,to,250114
avi,mpeg,122365
avi,to,217028
avian,flu,417729
avian,influenza,298433
aviation,aero,108758
aviation,and,181394
aviation,industry,168629
avid,reader,163659
avoid,a,950192
avoid,all,171623
avoid,an,220836
avoid,any,686169
avoid,being,447917
avoid,confusion,263145
avoid,disappointment,146660
avoid,disclosure,119954
avoid,duplicate,199008
avoid,duplication,130687
avoid,getting,215137
avoid,having,293375
avoid,it,422485
avoid,making,139176
avoid,or,203364
avoid,paying,155632
avoid,possible,119473
avoid,problems,181657
avoid,some,112698
avoid,such,175390
avoid,that,213153
avoid,the,3587949
avoid,them,295044
avoid,these,240108
avoid,this,731848
avoid,unnecessary,203213
avoid,using,282470
avoidance,of,607657
avoided,by,342689
avoided,if,150459
avoided,in,152594
avoided,the,248083
avoiding,a,136040
avoiding,the,861732
avoids,the,394194
avril,lavigne,1246526
avs,video,113556
await,the,348280
await,you,210712
await,your,106911
awaiting,a,169835
awaiting,activation,690493
awaiting,the,389841
awaiting,trial,107221
awaits,the,115351
awaits,you,296387
awake,and,223165
awake,at,209030
awakened,by,119011
award,a,227453
award,and,396178
award,at,241854
award,by,129886
award,ceremony,117983
award,for,1458842
award,from,396899
award,in,522604
award,is,891987
award,of,1508343
award,on,125905
award,or,167220
award,recognizes,102671
award,that,116897
award,the,348512
award,to,488837
award,was,360913
award,will,292781
award,winner,239860
award,winners,265881
award,winning,1889874
awarded,a,1295611
awarded,an,192789
awarded,annually,115076
awarded,as,111589
awarded,at,130054
awarded,by,600244
awarded,for,680895
awarded,in,451185
awarded,on,203912
awarded,the,1699961
awarded,to,1938012
awarded,with,118877
awarding,of,230590
awarding,the,120680
awards,and,802080
awards,are,484380
awards,at,199414
awards,ceremony,265362
awards,for,921864
awards,from,223222
awards,in,395483
awards,of,183893
awards,program,110517
awards,that,116718
awards,to,372081
awards,were,200197
awards,will,235170
aware,and,231164
aware,of,13821461
aware,that,5479106
awareness,about,499326
awareness,among,210884
awareness,and,1818268
awareness,campaign,190170
awareness,campaigns,100937
awareness,for,181181
awareness,in,287920
awareness,is,180295
awareness,of,4884278
awareness,on,173460
awareness,raising,143092
awareness,that,294239
awareness,to,197457
awareness,training,124354
awash,in,115774
away,a,667803
away,after,212782
away,again,143309
away,all,414887
away,and,2609698
away,any,253415
away,as,800391
away,at,1299788
away,because,192725
away,before,170192
away,but,214028
away,by,1137037
away,during,126876
away,for,1259640
away,free,131119
away,from,25135207
away,her,100994
away,his,269590
away,if,302661
away,in,2135009
away,into,249533
away,is,226794
away,like,156384
away,my,287352
away,of,216015
away,on,1016245
away,or,431774
away,our,168841
away,so,220845
away,some,157121
away,that,289447
away,the,2677762
away,their,278547
away,this,153235
away,to,1741657
away,too,100317
away,until,128471
away,when,422150
away,with,4293463
away,without,208861
away,you,141643
away,your,404172
awe,and,145303
awe,of,261437
awesome,and,286296
awesome,to,121271
awful,excellent,351700
awful,lot,539151
awhile,and,153114
awhile,to,147046
awkward,and,119011
awkward,to,108418
awkwardly,to,141900
awoke,to,104206
axes,of,159186
axis,and,295036
axis,in,132651
axis,is,310760
axis,of,897724
axis,to,121073
ayumi,hamasaki,294611
b,and,508543
b,are,137163
b,b,2355827
b,c,1809167
b,in,181991
b,is,315227
b,of,101034
babe,and,129365
babe,babe,162543
babe,babes,153420
babe,big,144640
babe,blow,113170
babe,gets,300438
babe,getting,122257
babe,hot,111536
babe,in,479038
babe,of,216011
babe,posing,147666
babe,ruth,122908
babe,with,367998
babes,and,442006
babes,babe,200090
babes,babes,272889
babes,big,241307
babes,blow,148473
babes,boob,123715
babes,breast,152648
babes,breasts,111954
babes,busty,108482
babes,free,255747
babes,fucking,106006
babes,gallery,757837
babes,getting,120309
babes,hot,163236
babes,huge,125385
babes,in,399452
babes,mature,133486
babes,milf,110286
babes,nipple,100358
babes,nipples,127543
babes,nude,153096
babes,sex,107703
babes,tit,100197
babes,with,129376
babes,young,165963
babies,and,472258
babies,are,282817
babies,born,130156
babies,in,185281
babies,to,128597
baby,and,637159
baby,at,106033
baby,bedding,238117
baby,blue,124133
baby,boom,122595
baby,boomers,357336
baby,boy,388515
baby,can,116371
baby,care,124137
baby,clothes,334468
baby,clothing,124392
baby,doll,218711
baby,food,200740
baby,furniture,184072
baby,gift,356382
baby,gifts,381237
baby,girl,495625
baby,has,133359
baby,in,457674
baby,is,839582
baby,items,123363
baby,name,236815
baby,names,539179
baby,on,153377
baby,or,135037
baby,products,210113
baby,shower,709515
baby,to,401293
baby,toys,111376
baby,was,320552
baby,will,189691
baby,with,217008
baccalaureate,degree,242069
baccarat,online,125467
bachelor,degree,182360
bachelor,of,288275
bachelor,party,153943
bachelorette,party,118017
bachelors,degree,106686
back,a,1448489
back,about,200935
back,across,132062
back,after,591571
back,again,1543001
back,against,386470
back,all,222504
back,an,155078
back,and,11511940
back,any,139975
back,are,100749
back,around,205366
back,as,1481476
back,at,3871413
back,away,143740
back,because,203537
back,before,252157
back,burner,131441
back,but,256273
back,button,697350
back,by,783212
back,catalogue,103881
back,cover,634815
back,door,661500
back,down,1381826
back,end,416396
back,every,126174
back,for,2728540
back,frequently,106841
back,from,4686507
back,garden,134038
back,guarantee,2349657
back,her,132584
back,here,786535
back,his,266749
back,home,2259357
back,if,365165
back,image,244716
back,in,13730609
back,injury,139220
back,inside,199361
back,into,6381586
back,is,615502
back,issue,122588
back,issues,888379
back,it,424488
back,its,126934
back,just,114216
back,later,530493
back,like,114353
back,memories,149857
back,more,164566
back,my,273429
back,next,343846
back,now,289598
back,of,8129348
back,off,413654
back,office,477268
back,often,657450
back,on,8454731
back,one,244898
back,online,291589
back,onto,368061
back,or,528770
back,order,167826
back,our,149511
back,out,947769
back,over,679397
back,page,157024
back,pain,1262155
back,panel,204562
back,pay,127672
back,pocket,176227
back,pockets,104652
back,porch,126526
back,problems,125116
back,roads,106613
back,room,271651
back,row,141482
back,seat,745520
back,side,272181
back,so,307040
back,some,291956
back,soon,1095673
back,sunday,227760
back,support,108641
back,that,522167
back,the,3393745
back,their,236562
back,them,111035
back,then,1160314
back,there,550860
back,this,314582
back,through,585548
back,to,66528027
back,together,730368
back,tomorrow,156224
back,toward,243915
back,towards,278713
back,under,157018
back,until,165710
back,up,4294691
back,upon,164825
back,user,528987
back,wall,173963
back,was,260041
back,we,111191
back,what,146760
back,when,1172021
back,where,243487
back,while,111278
back,with,2910256
back,within,172652
back,yard,629037
back,you,155550
back,your,261248
backbone,and,101134
backbone,of,521543
backdrop,for,258468
backdrop,of,547529
backdrop,to,143911
backed,away,115470
backed,by,2230602
backed,off,144793
backed,out,136447
backed,securities,190713
backed,the,160352
backed,up,1230253
backed,with,178748
backend,and,206497
background,and,1567756
background,are,112983
background,as,224750
background,check,679256
background,checks,710012
